Kind,Name,AvgCyclomatic,SumCyclomatic,MaxEssential,MaxNesting
File,"Categoria.java",1,9,1,0
File,"CategoriaDAO.java",2,27,1,2
File,"Categorias.java",1,18,1,1
File,"Compra.java",1,18,1,0
File,"CompraDAO.java",3,24,1,3
File,"Compras.java",1,20,1,2
File,"ConnectionFactory.java",2,11,1,2
Package,"DAO",2,157,1,3
Public Class,"DAO.CategoriaDAO",2,27,1,2
Public Method,"DAO.CategoriaDAO.add",,2,,1
Public Method,"DAO.CategoriaDAO.del",,2,,1
Public Method,"DAO.CategoriaDAO.idAutoIncrement",,3,,2
Public Method,"DAO.CategoriaDAO.listAll",,3,,2
Public Method,"DAO.CategoriaDAO.listAllById",,3,,2
Public Method,"DAO.CategoriaDAO.listAllByName",,3,,2
Public Method,"DAO.CategoriaDAO.read",,3,,2
Public Method,"DAO.CategoriaDAO.read",,3,,2
Public Method,"DAO.CategoriaDAO.read",,3,,2
Public Method,"DAO.CategoriaDAO.up",,2,,1
Public Class,"DAO.CompraDAO",3,24,1,3
Public Method,"DAO.CompraDAO.comprar",,5,,3
Public Method,"DAO.CompraDAO.del",,1,,0
Public Method,"DAO.CompraDAO.getIdCompra",,2,,1
Public Method,"DAO.CompraDAO.listAll",,3,,2
Public Method,"DAO.CompraDAO.listProdsCompra",,3,,2
Public Method,"DAO.CompraDAO.read",,4,,2
Public Method,"DAO.CompraDAO.read",,4,,2
Public Method,"DAO.CompraDAO.up",,2,,1
Public Class,"DAO.FornecedorDAO",2,21,1,2
Public Method,"DAO.FornecedorDAO.add",,2,,1
Public Method,"DAO.FornecedorDAO.del",,2,,1
Public Method,"DAO.FornecedorDAO.idAutoIncrement",,3,,2
Public Method,"DAO.FornecedorDAO.listAll",,3,,2
Public Method,"DAO.FornecedorDAO.listAllById",,3,,2
Public Method,"DAO.FornecedorDAO.listAllByName",,3,,2
Public Method,"DAO.FornecedorDAO.read",,3,,2
Public Method,"DAO.FornecedorDAO.up",,2,,1
Public Class,"DAO.ProdutoDAO",2,36,1,2
Public Method,"DAO.ProdutoDAO.add",,2,,1
Public Method,"DAO.ProdutoDAO.del",,2,,1
Public Method,"DAO.ProdutoDAO.idAutoIncrement",,3,,2
Public Method,"DAO.ProdutoDAO.listAll",,3,,2
Public Method,"DAO.ProdutoDAO.listAllByCategoria",,3,,2
Public Method,"DAO.ProdutoDAO.listAllByForn",,3,,2
Public Method,"DAO.ProdutoDAO.listAllById",,3,,2
Public Method,"DAO.ProdutoDAO.listAllByName",,3,,2
Public Method,"DAO.ProdutoDAO.listFill",,3,,2
Public Method,"DAO.ProdutoDAO.read",,3,,2
Public Method,"DAO.ProdutoDAO.read",,3,,2
Public Method,"DAO.ProdutoDAO.readAll",,3,,2
Public Method,"DAO.ProdutoDAO.up",,2,,1
Public Class,"DAO.UsuarioDAO",2,33,1,2
Public Method,"DAO.UsuarioDAO.add",,2,,1
Public Method,"DAO.UsuarioDAO.checkLogin",,3,,2
Public Method,"DAO.UsuarioDAO.del",,2,,1
Public Method,"DAO.UsuarioDAO.idAutoIncrement",,3,,2
Public Method,"DAO.UsuarioDAO.listAll",,3,,2
Public Method,"DAO.UsuarioDAO.listAllById",,3,,2
Public Method,"DAO.UsuarioDAO.listAllByName",,3,,2
Public Method,"DAO.UsuarioDAO.read",,3,,2
Public Method,"DAO.UsuarioDAO.read",,3,,2
Public Method,"DAO.UsuarioDAO.read",,3,,2
Public Method,"DAO.UsuarioDAO.up",,2,,1
Public Method,"DAO.UsuarioDAO.verificaLogin",,3,,2
Public Class,"DAO.VendaDAO",2,16,1,3
Public Method,"DAO.VendaDAO.del",,1,,0
Public Method,"DAO.VendaDAO.getIdVenda",,2,,1
Public Method,"DAO.VendaDAO.listAll",,3,,2
Public Method,"DAO.VendaDAO.read",,4,,2
Public Method,"DAO.VendaDAO.up",,1,,0
Public Method,"DAO.VendaDAO.vender",,5,,3
File,"Estoque.java",1,25,1,2
File,"Fornecedor.java",1,27,1,0
File,"FornecedorDAO.java",2,21,1,2
File,"Fornecedores.java",1,19,1,2
File,"GerenciarCategoria.java",1,19,1,2
File,"GerenciarFornecedor.java",1,19,1,1
File,"GerenciarProduto.java",1,24,1,2
File,"GerenciarUsuario.java",2,37,1,2
File,"Historico.java",2,35,1,2
File,"Login.java",1,8,1,1
File,"Main.java",1,2,1,0
File,"MenuPrincipal.java",1,18,1,1
File,"NovaCompra.java",2,43,7,3
File,"Produto.java",1,21,1,0
File,"ProdutoDAO.java",2,36,1,2
File,"Usuario.java",1,37,1,0
File,"UsuarioDAO.java",2,33,1,2
File,"Usuarios.java",1,21,1,2
File,"Venda.java",1,13,1,0
File,"VendaDAO.java",2,16,1,3
File,"Vendas.java",2,32,5,2
File,"VisualizarCompra.java",2,16,4,2
File,"VisualizarVenda.java",1,8,1,1
Package,"connection",2,11,1,2
Public Class,"connection.ConnectionFactory",2,11,1,2
Public Static Method,"connection.ConnectionFactory.closeConnection",,3,,2
Public Static Method,"connection.ConnectionFactory.closeConnection",,3,,2
Public Static Method,"connection.ConnectionFactory.closeConnection",,3,,2
Public Static Method,"connection.ConnectionFactory.getConnection",,2,,1
Package,"controls",1,364,7,3
Public Class,"controls.Categorias",1,18,1,1
Public Method,"controls.Categorias.botaoAddCategoria",,1,,0
Public Method,"controls.Categorias.botaoEditCategoria",,1,,0
Public Method,"controls.Categorias.botaoRemoveCategoria",,2,,1
Public Method,"controls.Categorias.botaoViewCategoria",,1,,0
Public Method,"controls.Categorias.botaoVoltar",,1,,0
Public Method,"controls.Categorias.initialize",,2,,1
Public Method,"controls.Categorias.listView",,2,,1
Public Method,"controls.Categorias.pesquisarCategoria",,4,,1
Public Method,"controls.Categorias.show",,2,,0
Lambda Method,"controls.Categorias.show.(lambda_expr_1)",,1,,0
Public Method,"controls.Categorias.verificaSelecao",,2,,1
Public Class,"controls.Compras",1,17,1,2
Public Method,"controls.Compras.botaoAddCompra",,1,,0
Public Method,"controls.Compras.botaoVisualizar",,1,,0
Public Method,"controls.Compras.botaoVoltar",,1,,0
Public Method,"controls.Compras.initialize",,2,,1
Public Method,"controls.Compras.listViewPendentes",,5,,2
Public Method,"controls.Compras.show",,2,,0
Lambda Method,"controls.Compras.show.(lambda_expr_1)",,1,,0
Public Method,"controls.Compras.verificaData",,2,,0
Lambda Method,"controls.Compras.verificaData.(lambda_expr_1)",,1,,0
Class,"controls.Compras.verificaData.(lambda_expr_1).(Anon_1)",3,3,1,1
Public Method,"controls.Compras.verificaData.(lambda_expr_1).(Anon_1).updateItem",,3,,1
Public Method,"controls.Compras.verificaSelecao",,3,,1
Public Class,"controls.Estoque",1,25,1,2
Public Method,"controls.Estoque.botaoAddProduto",,1,,0
Public Method,"controls.Estoque.botaoCategorias",,1,,0
Public Method,"controls.Estoque.botaoEditProduto",,1,,0
Public Method,"controls.Estoque.botaoRemoveProduto",,2,,1
Public Method,"controls.Estoque.botaoViewProduto",,1,,0
Public Method,"controls.Estoque.botaoVoltar",,1,,0
Public Method,"controls.Estoque.iniComboBox",,2,,1
Public Method,"controls.Estoque.initialize",,3,,2
Public Method,"controls.Estoque.listView",,2,,1
Public Method,"controls.Estoque.pesquisarCategoria",,2,,1
Public Method,"controls.Estoque.pesquisarProduto",,4,,1
Public Method,"controls.Estoque.show",,2,,0
Lambda Method,"controls.Estoque.show.(lambda_expr_1)",,1,,0
Public Method,"controls.Estoque.verificaSelecao",,3,,2
Public Class,"controls.Fornecedores",1,19,1,2
Public Method,"controls.Fornecedores.botaoAddFornecedor",,1,,0
Public Method,"controls.Fornecedores.botaoEditFornecedor",,1,,0
Public Method,"controls.Fornecedores.botaoRemoveFornecedor",,3,,2
Public Method,"controls.Fornecedores.botaoViewFornecedor",,1,,0
Public Method,"controls.Fornecedores.botaoVoltar",,1,,0
Public Method,"controls.Fornecedores.initialize",,2,,1
Public Method,"controls.Fornecedores.listView",,2,,1
Public Method,"controls.Fornecedores.pesquisarFornecedor",,4,,2
Public Method,"controls.Fornecedores.show",,2,,0
Lambda Method,"controls.Fornecedores.show.(lambda_expr_1)",,1,,0
Public Method,"controls.Fornecedores.verificaSelecao",,2,,1
Public Class,"controls.GerenciarCategoria",1,19,1,2
Public Constructor,"controls.GerenciarCategoria.GerenciarCategoria",,1,,0
Public Constructor,"controls.GerenciarCategoria.GerenciarCategoria",,1,,0
Public Method,"controls.GerenciarCategoria.ativarBotaoSalvar",,2,,1
Public Method,"controls.GerenciarCategoria.botaoCancelar",,1,,0
Public Method,"controls.GerenciarCategoria.botaoSalvar",,2,,1
Public Method,"controls.GerenciarCategoria.initialize",,7,,2
Public Method,"controls.GerenciarCategoria.preencher",,1,,0
Public Method,"controls.GerenciarCategoria.show",,2,,0
Public Method,"controls.GerenciarCategoria.show",,2,,0
Lambda Method,"controls.GerenciarCategoria.show.(lambda_expr_1)",,1,,0
Lambda Method,"controls.GerenciarCategoria.show.(lambda_expr_1)",,1,,0
Public Class,"controls.GerenciarFornecedor",1,19,1,1
Constructor,"controls.GerenciarFornecedor.GerenciarFornecedor",,1,,0
Constructor,"controls.GerenciarFornecedor.GerenciarFornecedor",,1,,0
Public Method,"controls.GerenciarFornecedor.ativarBotaoSalvar",,2,,1
Public Method,"controls.GerenciarFornecedor.botaoCancelar",,1,,0
Public Method,"controls.GerenciarFornecedor.botaoSalvar",,3,,1
Public Method,"controls.GerenciarFornecedor.initialize",,2,,1
Public Method,"controls.GerenciarFornecedor.preencher",,3,,1
Public Method,"controls.GerenciarFornecedor.show",,2,,0
Public Method,"controls.GerenciarFornecedor.show",,2,,0
Lambda Method,"controls.GerenciarFornecedor.show.(lambda_expr_1)",,1,,0
Lambda Method,"controls.GerenciarFornecedor.show.(lambda_expr_1)",,1,,0
Public Method,"controls.GerenciarFornecedor.visualizar",,2,,1
Public Class,"controls.GerenciarProduto",1,24,1,2
Public Constructor,"controls.GerenciarProduto.GerenciarProduto",,1,,0
Public Constructor,"controls.GerenciarProduto.GerenciarProduto",,1,,0
Public Method,"controls.GerenciarProduto.ativarBotaoSalvar",,2,,1
Public Method,"controls.GerenciarProduto.btCancel_Click",,1,,0
Public Method,"controls.GerenciarProduto.btSalvar_Click",,2,,1
Public Method,"controls.GerenciarProduto.iniComboBox",,3,,1
Public Method,"controls.GerenciarProduto.initialize",,6,,2
Public Method,"controls.GerenciarProduto.preencher",,1,,0
Public Method,"controls.GerenciarProduto.show",,3,,1
Public Method,"controls.GerenciarProduto.show",,2,,0
Lambda Method,"controls.GerenciarProduto.show.(lambda_expr_1)",,2,,0
Lambda Method,"controls.GerenciarProduto.show.(lambda_expr_1)",,1,,0
Public Method,"controls.GerenciarProduto.txtChanged",,2,,1
Public Class,"controls.GerenciarUsuario",2,37,1,2
Constructor,"controls.GerenciarUsuario.GerenciarUsuario",,1,,0
Constructor,"controls.GerenciarUsuario.GerenciarUsuario",,1,,0
Public Method,"controls.GerenciarUsuario.ativarBotaoSalvar",,2,,1
Public Method,"controls.GerenciarUsuario.botaoCancelar",,1,,0
Public Method,"controls.GerenciarUsuario.botaoSalvar",,10,,1
Public Method,"controls.GerenciarUsuario.iniCombobox",,2,,1
Public Method,"controls.GerenciarUsuario.initialize",,5,,2
Public Method,"controls.GerenciarUsuario.preencher",,7,,1
Public Method,"controls.GerenciarUsuario.show",,2,,0
Public Method,"controls.GerenciarUsuario.show",,2,,0
Lambda Method,"controls.GerenciarUsuario.show.(lambda_expr_1)",,1,,0
Lambda Method,"controls.GerenciarUsuario.show.(lambda_expr_1)",,1,,0
Public Method,"controls.GerenciarUsuario.verificaLogin",,3,,1
Public Method,"controls.GerenciarUsuario.visualizar",,1,,0
Public Class,"controls.Historico",2,35,1,2
Constructor,"controls.Historico.Historico",,1,,0
Constructor,"controls.Historico.Historico",,1,,0
Public Method,"controls.Historico.botaoVoltar",,1,,0
Public Method,"controls.Historico.checaFiltroCompra",,4,,1
Public Method,"controls.Historico.checaFiltroVenda",,4,,1
Public Method,"controls.Historico.fillCompraByDate",,3,,2
Public Method,"controls.Historico.fillTables",,4,,2
Public Method,"controls.Historico.fillVendaByDate",,3,,2
Public Method,"controls.Historico.initialize",,5,,2
Public Method,"controls.Historico.show",,2,,0
Lambda Method,"controls.Historico.show.(lambda_expr_1)",,1,,0
Public Method,"controls.Historico.showVenda",,2,,0
Lambda Method,"controls.Historico.showVenda.(lambda_expr_1)",,1,,0
Public Method,"controls.Historico.verificaSelecao",,3,,1
Public Method,"controls.Historico.visualizarCompra",,1,,0
Public Method,"controls.Historico.visualizarVenda",,1,,0
Public Class,"controls.Login",1,8,1,1
Public Static Method,"controls.Login.getUser",,1,,0
Public Method,"controls.Login.initialize",,1,,0
Public Method,"controls.Login.logar",,2,,1
Public Method,"controls.Login.show",,2,,0
Public Method,"controls.Login.show",,2,,0
Lambda Method,"controls.Login.show.(lambda_expr_1)",,1,,0
Lambda Method,"controls.Login.show.(lambda_expr_1)",,1,,0
Public Class,"controls.Main",1,2,1,0
Public Static Method,"controls.Main.main",,1,,0
Public Method,"controls.Main.start",,1,,0
Public Class,"controls.MenuPrincipal",1,18,1,1
Public Method,"controls.MenuPrincipal.botaoFornecedores",,1,,0
Public Method,"controls.MenuPrincipal.botaoFuncionarios",,1,,0
Public Method,"controls.MenuPrincipal.botaoHistorico",,1,,0
Public Method,"controls.MenuPrincipal.botaoVoltar",,1,,0
Public Method,"controls.MenuPrincipal.btCompras",,1,,0
Public Method,"controls.MenuPrincipal.btProdutos",,1,,0
Public Method,"controls.MenuPrincipal.btVendas",,1,,0
Public Method,"controls.MenuPrincipal.initialize",,1,,0
Public Method,"controls.MenuPrincipal.show",,2,,0
Lambda Method,"controls.MenuPrincipal.show.(lambda_expr_1)",,1,,0
Public Method,"controls.MenuPrincipal.usuario",,5,,1
Public Method,"controls.MenuPrincipal.verifCargo",,3,,1
Public Class,"controls.NovaCompra",2,43,7,3
Constructor,"controls.NovaCompra.NovaCompra",,1,,0
Constructor,"controls.NovaCompra.NovaCompra",,1,,0
Public Method,"controls.NovaCompra.addProds",,7,,2
Public Method,"controls.NovaCompra.atvBotaoAdd",,5,,2
Public Method,"controls.NovaCompra.autoComplete",,2,,1
Public Method,"controls.NovaCompra.botaoVoltar",,1,,0
Public Method,"controls.NovaCompra.clearFields",,1,,0
Public Method,"controls.NovaCompra.clearTable",,1,,0
Public Method,"controls.NovaCompra.comprar",,6,,3
Public Method,"controls.NovaCompra.fillFields",,1,,0
Public Method,"controls.NovaCompra.getUser",,1,,0
Public Method,"controls.NovaCompra.initialize",,3,,2
Public Method,"controls.NovaCompra.listView",,2,,1
Public Method,"controls.NovaCompra.refreshTable",,3,,1
Public Method,"controls.NovaCompra.removeItem",,3,,2
Public Method,"controls.NovaCompra.show",,2,,0
Public Method,"controls.NovaCompra.show",,2,,0
Lambda Method,"controls.NovaCompra.show.(lambda_expr_1)",,1,,0
Lambda Method,"controls.NovaCompra.show.(lambda_expr_1)",,1,,0
Public Method,"controls.NovaCompra.visualizarCompra",,1,,0
Public Class,"controls.Usuarios",2,21,1,2
Public Method,"controls.Usuarios.botaoAddUsuario",,1,,0
Public Method,"controls.Usuarios.botaoEditUsuario",,3,,2
Public Method,"controls.Usuarios.botaoRemoveUsuario",,2,,1
Public Method,"controls.Usuarios.botaoViewUsuario",,1,,0
Public Method,"controls.Usuarios.botaoVoltar",,1,,0
Public Method,"controls.Usuarios.initialize",,2,,1
Public Method,"controls.Usuarios.listView",,2,,1
Public Method,"controls.Usuarios.pesquisarUsuario",,4,,2
Public Method,"controls.Usuarios.show",,2,,0
Lambda Method,"controls.Usuarios.show.(lambda_expr_1)",,1,,0
Public Method,"controls.Usuarios.verificaSelecao",,3,,2
Public Class,"controls.Vendas",2,32,5,2
Public Constructor,"controls.Vendas.Vendas",,1,,0
Public Method,"controls.Vendas.addProds",,4,,2
Public Method,"controls.Vendas.atvBotaoAdd",,3,,1
Public Method,"controls.Vendas.autoComplete",,2,,1
Public Method,"controls.Vendas.botaoVoltar",,5,,2
Public Method,"controls.Vendas.clearFields",,1,,0
Public Method,"controls.Vendas.clearTable",,1,,0
Public Method,"controls.Vendas.fillFields",,1,,0
Public Method,"controls.Vendas.finalizarVenda",,3,,1
Public Method,"controls.Vendas.getUser",,1,,0
Public Method,"controls.Vendas.initialize",,2,,1
Public Method,"controls.Vendas.refreshTable",,3,,1
Public Method,"controls.Vendas.removeItem",,3,,2
Public Method,"controls.Vendas.show",,2,,0
Lambda Method,"controls.Vendas.show.(lambda_expr_1)",,1,,0
Public Class,"controls.VisualizarCompra",2,16,4,2
Public Constructor,"controls.VisualizarCompra.VisualizarCompra",,1,,0
Public Constructor,"controls.VisualizarCompra.VisualizarCompra",,1,,0
Public Method,"controls.VisualizarCompra.botaoFinalizar",,5,,2
Public Method,"controls.VisualizarCompra.botaoVoltar",,2,,1
Public Method,"controls.VisualizarCompra.fillFields",,2,,1
Public Method,"controls.VisualizarCompra.initialize",,3,,2
Public Method,"controls.VisualizarCompra.show",,2,,0
Lambda Method,"controls.VisualizarCompra.show.(lambda_expr_1)",,1,,0
Public Class,"controls.VisualizarVenda",1,8,1,1
Constructor,"controls.VisualizarVenda.VisualizarVenda",,1,,0
Constructor,"controls.VisualizarVenda.VisualizarVenda",,1,,0
Public Method,"controls.VisualizarVenda.botaoVoltar",,1,,0
Public Method,"controls.VisualizarVenda.fillFields",,2,,1
Public Method,"controls.VisualizarVenda.initialize",,1,,0
Public Method,"controls.VisualizarVenda.show",,2,,0
Lambda Method,"controls.VisualizarVenda.show.(lambda_expr_1)",,1,,0
Package,"models",1,125,1,0
Public Class,"models.Categoria",1,9,1,0
Public Constructor,"models.Categoria.Categoria",,1,,0
Public Constructor,"models.Categoria.Categoria",,1,,0
Public Method,"models.Categoria.getId",,1,,0
Public Method,"models.Categoria.getNome",,1,,0
Public Method,"models.Categoria.getProdutos",,1,,0
Public Method,"models.Categoria.setId",,1,,0
Public Method,"models.Categoria.setNome",,1,,0
Public Method,"models.Categoria.setProdutos",,1,,0
Public Method,"models.Categoria.toString",,1,,0
Public Class,"models.Compra",1,18,1,0
Public Constructor,"models.Compra.Compra",,1,,0
Public Constructor,"models.Compra.Compra",,1,,0
Public Method,"models.Compra.getData",,1,,0
Public Method,"models.Compra.getDataEntrega",,1,,0
Public Method,"models.Compra.getDataFinal",,1,,0
Public Method,"models.Compra.getId",,1,,0
Public Method,"models.Compra.getProdutos",,1,,0
Public Method,"models.Compra.getStatus",,1,,0
Public Method,"models.Compra.getUsuario",,1,,0
Public Method,"models.Compra.getValor",,1,,0
Public Method,"models.Compra.setData",,1,,0
Public Method,"models.Compra.setDataEntrega",,1,,0
Public Method,"models.Compra.setDataFinal",,1,,0
Public Method,"models.Compra.setId",,1,,0
Public Method,"models.Compra.setProdutos",,1,,0
Public Method,"models.Compra.setStatus",,1,,0
Public Method,"models.Compra.setUsuario",,1,,0
Public Method,"models.Compra.setValor",,1,,0
Public Class,"models.Fornecedor",1,27,1,0
Public Constructor,"models.Fornecedor.Fornecedor",,1,,0
Public Constructor,"models.Fornecedor.Fornecedor",,1,,0
Public Method,"models.Fornecedor.getBairro",,1,,0
Public Method,"models.Fornecedor.getCep",,1,,0
Public Method,"models.Fornecedor.getCidade",,1,,0
Public Method,"models.Fornecedor.getCnpj",,1,,0
Public Method,"models.Fornecedor.getComp",,1,,0
Public Method,"models.Fornecedor.getEstado",,1,,0
Public Method,"models.Fornecedor.getId",,1,,0
Public Method,"models.Fornecedor.getNome",,1,,0
Public Method,"models.Fornecedor.getNum",,1,,0
Public Method,"models.Fornecedor.getRua",,1,,0
Public Method,"models.Fornecedor.getTelefone1",,1,,0
Public Method,"models.Fornecedor.getTelefone2",,1,,0
Public Method,"models.Fornecedor.setBairro",,1,,0
Public Method,"models.Fornecedor.setCep",,1,,0
Public Method,"models.Fornecedor.setCidade",,1,,0
Public Method,"models.Fornecedor.setCnpj",,1,,0
Public Method,"models.Fornecedor.setComp",,1,,0
Public Method,"models.Fornecedor.setEstado",,1,,0
Public Method,"models.Fornecedor.setId",,1,,0
Public Method,"models.Fornecedor.setNome",,1,,0
Public Method,"models.Fornecedor.setNum",,1,,0
Public Method,"models.Fornecedor.setRua",,1,,0
Public Method,"models.Fornecedor.setTelefone1",,1,,0
Public Method,"models.Fornecedor.setTelefone2",,1,,0
Public Method,"models.Fornecedor.toString",,1,,0
Public Class,"models.Produto",1,21,1,0
Public Constructor,"models.Produto.Produto",,1,,0
Public Constructor,"models.Produto.Produto",,1,,0
Public Constructor,"models.Produto.Produto",,1,,0
Public Method,"models.Produto.getCat",,1,,0
Public Method,"models.Produto.getEstoqueMin",,1,,0
Public Method,"models.Produto.getForn",,1,,0
Public Method,"models.Produto.getId",,1,,0
Public Method,"models.Produto.getNome",,1,,0
Public Method,"models.Produto.getPreco",,1,,0
Public Method,"models.Produto.getQtd",,1,,0
Public Method,"models.Produto.getQtdUn",,1,,0
Public Method,"models.Produto.getTipoUn",,1,,0
Public Method,"models.Produto.setCat",,1,,0
Public Method,"models.Produto.setEstoqueMin",,1,,0
Public Method,"models.Produto.setForn",,1,,0
Public Method,"models.Produto.setId",,1,,0
Public Method,"models.Produto.setNome",,1,,0
Public Method,"models.Produto.setPreco",,1,,0
Public Method,"models.Produto.setQtd",,1,,0
Public Method,"models.Produto.setTipoUn",,1,,0
Public Method,"models.Produto.toString",,1,,0
Public Class,"models.Usuario",1,37,1,0
Public Constructor,"models.Usuario.Usuario",,1,,0
Public Constructor,"models.Usuario.Usuario",,1,,0
Public Method,"models.Usuario.getBairro",,1,,0
Public Method,"models.Usuario.getCargo",,1,,0
Public Method,"models.Usuario.getCep",,1,,0
Public Method,"models.Usuario.getCidade",,1,,0
Public Method,"models.Usuario.getComp",,1,,0
Public Method,"models.Usuario.getCpf",,1,,0
Public Method,"models.Usuario.getDataNasc",,1,,0
Public Method,"models.Usuario.getEstado",,1,,0
Public Method,"models.Usuario.getId",,1,,0
Public Method,"models.Usuario.getLogin",,1,,0
Public Method,"models.Usuario.getNome",,1,,0
Public Method,"models.Usuario.getNum",,1,,0
Public Method,"models.Usuario.getRua",,1,,0
Public Method,"models.Usuario.getSenha",,1,,0
Public Method,"models.Usuario.getSexo",,1,,0
Public Method,"models.Usuario.getTelefone1",,1,,0
Public Method,"models.Usuario.getTelefone2",,1,,0
Public Method,"models.Usuario.setBairro",,1,,0
Public Method,"models.Usuario.setCargo",,1,,0
Public Method,"models.Usuario.setCep",,1,,0
Public Method,"models.Usuario.setCidade",,1,,0
Public Method,"models.Usuario.setComp",,1,,0
Public Method,"models.Usuario.setCpf",,1,,0
Public Method,"models.Usuario.setDataNasc",,1,,0
Public Method,"models.Usuario.setEstado",,1,,0
Public Method,"models.Usuario.setId",,1,,0
Public Method,"models.Usuario.setLogin",,1,,0
Public Method,"models.Usuario.setNome",,1,,0
Public Method,"models.Usuario.setNum",,1,,0
Public Method,"models.Usuario.setRua",,1,,0
Public Method,"models.Usuario.setSenha",,1,,0
Public Method,"models.Usuario.setSexo",,1,,0
Public Method,"models.Usuario.setTelefone1",,1,,0
Public Method,"models.Usuario.setTelefone2",,1,,0
Public Method,"models.Usuario.toString",,1,,0
Public Class,"models.Venda",1,13,1,0
Public Constructor,"models.Venda.Venda",,1,,0
Public Constructor,"models.Venda.Venda",,1,,0
Public Constructor,"models.Venda.Venda",,1,,0
Public Method,"models.Venda.getData",,1,,0
Public Method,"models.Venda.getId",,1,,0
Public Method,"models.Venda.getProdutos",,1,,0
Public Method,"models.Venda.getUsuario",,1,,0
Public Method,"models.Venda.getValor",,1,,0
Public Method,"models.Venda.setData",,1,,0
Public Method,"models.Venda.setId",,1,,0
Public Method,"models.Venda.setProdutos",,1,,0
Public Method,"models.Venda.setUsuario",,1,,0
Public Method,"models.Venda.setValor",,1,,0
